{
    "Version": "2012-10-17",
    "Statement": [
      {
        "Sid": "CloudWatchLogsPolicy",
        "Effect": "Allow",
        "Action": [
          "logs:CreateLogGroup",
          "logs:CreateLogStream",
          "logs:PutLogEvents"
        ],
        "Resource": [
          "*"
        ]
      },
      {
        "Sid": "CodeCommitPolicy",
        "Effect": "Allow",
        "Action": [
          "codecommit:GitPull"
        ],
        "Resource": [
          "*"
        ]
      },
      {
        "Sid": "S3GetObjectPolicy",
        "Effect": "Allow",
        "Action": [
          "s3:GetObject",
          "s3:GetObjectVersion"
        ],
        "Resource": [
          "*"
        ]
      },
      {
        "Sid": "S3PutObjectPolicy",
        "Effect": "Allow",
        "Action": [
          "s3:PutObject"
        ],
        "Resource": [
          "*"
        ]
      }
    ]
}